{"count":1,"self":32.115116799999996,"total":32.4556043,"children":{"InitializeActuators":{"count":1,"self":0.0020372999999999997,"total":0.0020372999999999997,"children":null},"InitializeSensors":{"count":1,"self":0.0019941,"total":0.0019941,"children":null},"AgentSendState":{"count":1348,"self":0.0035161,"total":0.0195893,"children":{"CollectObservations":{"count":270,"self":0.0020058999999999997,"total":0.0020058999999999997,"children":null},"WriteActionMask":{"count":270,"self":0.0019402999999999998,"total":0.0019402999999999998,"children":null},"RequestDecision":{"count":270,"self":0.012126999999999999,"total":0.012126999999999999,"children":null}}},"DecideAction":{"count":1348,"self":0.30787929999999997,"total":0.30787929999999997,"children":null},"AgentAct":{"count":1348,"self":0.0079414999999999989,"total":0.0079414999999999989,"children":null}},"gauges":{"DefenderAgentBehavior.CumulativeReward":{"count":25,"max":10,"min":-2,"runningAverage":8.4800005,"value":-2,"weightedAverage":6.96194458}},"metadata":{"timer_format_version":"0.1.0","start_time_seconds":"1716024159","unity_version":"2021.3.19f1","command_line_arguments":"C:\\Program Files\\Unity\\Hub\\Editor\\2021.3.19f1\\Editor\\Unity.exe -projectpath C:\\Games\\MLRoomDefender -useHub -hubIPC -cloudEnvironment production -licensingIpc LicenseClient-Can -hubSessionId 5bb3bd37-81eb-4ae9-8d43-43fb655fbf76 -accessToken Og_yiCTNX8v2pfBa9z2-YMMbw3oOdHeg07jQFASXjiI011f","communication_protocol_version":"1.5.0","com.unity.ml-agents_version":"2.0.1","scene_name":"TrainingScene","end_time_seconds":"1716024191"}}