{
    "name": "root",
    "gauges": {
        "DefenderAgentBehavior.Policy.Entropy.mean": {
            "value": 1.4374645948410034,
            "min": 1.4374645948410034,
            "max": 1.4374645948410034,
            "count": 1
        },
        "DefenderAgentBehavior.Policy.Entropy.sum": {
            "value": 8081.42578125,
            "min": 8081.42578125,
            "max": 8081.42578125,
            "count": 1
        },
        "DefenderAgentBehavior.Step.mean": {
            "value": 449997.0,
            "min": 449997.0,
            "max": 449997.0,
            "count": 1
        },
        "DefenderAgentBehavior.Step.sum": {
            "value": 449997.0,
            "min": 449997.0,
            "max": 449997.0,
            "count": 1
        },
        "DefenderAgentBehavior.Policy.ExtrinsicValueEstimate.mean": {
            "value": 8.714428901672363,
            "min": 8.714428901672363,
            "max": 8.714428901672363,
            "count": 1
        },
        "DefenderAgentBehavior.Policy.ExtrinsicValueEstimate.sum": {
            "value": 7407.2646484375,
            "min": 7407.2646484375,
            "max": 7407.2646484375,
            "count": 1
        },
        "DefenderAgentBehavior.Environment.EpisodeLength.mean": {
            "value": 5.691756272401434,
            "min": 5.691756272401434,
            "max": 5.691756272401434,
            "count": 1
        },
        "DefenderAgentBehavior.Environment.EpisodeLength.sum": {
            "value": 4764.0,
            "min": 4764.0,
            "max": 4764.0,
            "count": 1
        },
        "DefenderAgentBehavior.Environment.CumulativeReward.mean": {
            "value": -3.1674641148325358,
            "min": -3.1674641148325358,
            "max": -3.1674641148325358,
            "count": 1
        },
        "DefenderAgentBehavior.Environment.CumulativeReward.sum": {
            "value": -2648.0,
            "min": -2648.0,
            "max": -2648.0,
            "count": 1
        },
        "DefenderAgentBehavior.Policy.ExtrinsicReward.mean": {
            "value": -3.1674641148325358,
            "min": -3.1674641148325358,
            "max": -3.1674641148325358,
            "count": 1
        },
        "DefenderAgentBehavior.Policy.ExtrinsicReward.sum": {
            "value": -2648.0,
            "min": -2648.0,
            "max": -2648.0,
            "count": 1
        },
        "DefenderAgentBehavior.IsTraining.mean": {
            "value": 1.0,
            "min": 1.0,
            "max": 1.0,
            "count": 1
        },
        "DefenderAgentBehavior.IsTraining.sum": {
            "value": 1.0,
            "min": 1.0,
            "max": 1.0,
            "count": 1
        }
    },
    "metadata": {
        "timer_format_version": "0.1.0",
        "start_time_seconds": "1716028273",
        "python_version": "3.9.13 (tags/v3.9.13:6de2ca5, May 17 2022, 16:36:42) [MSC v.1929 64 bit (AMD64)]",
        "command_line_arguments": "C:\\Games\\MLRoomDefender\\venv\\Scripts\\mlagents-learn --run-id=Agent2 --resume",
        "mlagents_version": "0.30.0",
        "mlagents_envs_version": "0.30.0",
        "communication_protocol_version": "1.5.0",
        "pytorch_version": "2.3.0+cpu",
        "numpy_version": "1.21.2",
        "end_time_seconds": "1716028543"
    },
    "total": 269.8936158,
    "count": 1,
    "self": 0.008579000000054293,
    "children": {
        "run_training.setup": {
            "total": 0.04246229999999951,
            "count": 1,
            "self": 0.04246229999999951
        },
        "TrainerController.start_learning": {
            "total": 269.84257449999996,
            "count": 1,
            "self": 0.4143059000001017,
            "children": {
                "TrainerController._reset_env": {
                    "total": 13.975634500000002,
                    "count": 1,
                    "self": 13.975634500000002
                },
                "TrainerController.advance": {
                    "total": 255.18138239999985,
                    "count": 13573,
                    "self": 0.4133437999984153,
                    "children": {
                        "env_step": {
                            "total": 238.10277920000044,
                            "count": 13573,
                            "self": 227.2951307000002,
                            "children": {
                                "SubprocessEnvManager._take_step": {
                                    "total": 10.536708999999437,
                                    "count": 13574,
                                    "self": 0.7840535999994991,
                                    "children": {
                                        "TorchPolicy.evaluate": {
                                            "total": 9.752655399999938,
                                            "count": 9315,
                                            "self": 9.752655399999938
                                        }
                                    }
                                },
                                "workers": {
                                    "total": 0.270939500000825,
                                    "count": 13572,
                                    "self": 0.0,
                                    "children": {
                                        "worker_root": {
                                            "total": 160.3452314000012,
                                            "count": 13572,
                                            "is_parallel": true,
                                            "self": 47.64556089999975,
                                            "children": {
                                                "steps_from_proto": {
                                                    "total": 0.00323269999999809,
                                                    "count": 2,
                                                    "is_parallel": true,
                                                    "self": 0.0002940000000091203,
                                                    "children": {
                                                        "_process_rank_one_or_two_observation": {
                                                            "total": 0.0029386999999889696,
                                                            "count": 4,
                                                            "is_parallel": true,
                                                            "self": 0.0029386999999889696
                                                        }
                                                    }
                                                },
                                                "UnityEnvironment.step": {
                                                    "total": 112.69643780000146,
                                                    "count": 13572,
                                                    "is_parallel": true,
                                                    "self": 1.6845509000018666,
                                                    "children": {
                                                        "UnityEnvironment._generate_step_input": {
                                                            "total": 1.1933933999992128,
                                                            "count": 13572,
                                                            "is_parallel": true,
                                                            "self": 1.1933933999992128
                                                        },
                                                        "communicator.exchange": {
                                                            "total": 105.69512990000021,
                                                            "count": 13572,